<manifest alg="2" build="2017.0.2.363" opt="true" iceEnabled="true" iceMarkupVersion="2" iceEnabledOptions="link,responsive,cachebuster,textStyling" exportTarget="other" domain="web.com" resolutions="1x" timestamp="1495649340045">
  <folder name="css">
    <file name="site_global.css" crc="4123071667"/>
    <file name="index.css" crc="4143528042" ref="index"/>
    <file name="nomq_index.css" crc="4257747156" ref="index"/>
  </folder>
  <folder name="scripts">
    <file name="jquery-1.8.3.min.js" crc="209076791" ref="index"/>
    <file name="museutils.js" crc="4232573551" ref="index"/>
    <file name="whatinput.js" crc="86476730" ref="index"/>
    <file name="museconfig.js" crc="4152223963" ref="index"/>
    <file name="webpro.js" crc="3770351119" ref="index"/>
    <file name="form_check.php" crc="3841221102" ref="index"/>
    <file name="form_throttle.php" crc="4048049783" ref="index"/>
    <file name="form_process.php" crc="3899230280" ref="index"/>
    <file name="form-u6269.php" crc="3956311916" ref="index"/>
    <file name="jquery.musemenu.js" crc="38860304" ref="index"/>
    <file name="jquery.watch.js" crc="3844535323" ref="index"/>
    <file name="musewpdisclosure.js" crc="347705465" ref="index"/>
    <file name="html5shiv.js" crc="4241844378" ref="index"/>
    <file name="jquery.museresponsive.js" crc="433634197" ref="index"/>
    <file name="require.js" crc="4234670167" ref="index"/>
  </folder>
  <folder name="images">
    <file name="первый-канал-favicon.ico" crc="3931734437" ref="index"/>
    <file name="pr1.jpg" crc="142524788" ref="index">
      <caption webpage="index" alt=""/>
      <caption webpage="index" alt=""/>
      <caption webpage="index" alt=""/>
      <caption webpage="index" alt=""/>
    </file>
    <file name="search.png" crc="182070043" seo="true" ref="index">
      <caption webpage="index" alt=""/>
      <caption webpage="index" alt=""/>
      <caption webpage="index" alt=""/>
      <caption webpage="index" alt=""/>
    </file>
    <file name="pic_1.png" crc="3920389867" seo="true" ref="index">
      <caption webpage="index" alt=""/>
      <caption webpage="index" alt=""/>
      <caption webpage="index" alt=""/>
      <caption webpage="index" alt=""/>
    </file>
    <file name="pic_3.jpg" crc="64437156" seo="true" ref="index">
      <caption webpage="index" alt=""/>
      <caption webpage="index" alt=""/>
      <caption webpage="index" alt=""/>
      <caption webpage="index" alt=""/>
    </file>
    <file name="pic_2.jpg" crc="510086913" seo="true" ref="index">
      <caption webpage="index" alt=""/>
      <caption webpage="index" alt=""/>
      <caption webpage="index" alt=""/>
      <caption webpage="index" alt=""/>
    </file>
    <file name="pic4.jpg" crc="216740130" seo="true" ref="index">
      <caption webpage="index" alt=""/>
      <caption webpage="index" alt=""/>
      <caption webpage="index" alt=""/>
    </file>
    <file name="pic5.jpg" crc="3876503075" seo="true" ref="index">
      <caption webpage="index" alt=""/>
      <caption webpage="index" alt=""/>
      <caption webpage="index" alt=""/>
    </file>
    <file name="pic6.jpg" crc="100134222" seo="true" ref="index">
      <caption webpage="index" alt=""/>
      <caption webpage="index" alt=""/>
      <caption webpage="index" alt=""/>
      <caption webpage="index" alt=""/>
    </file>
    <file name="pic7.jpg" crc="4215597108" seo="true" ref="index">
      <caption webpage="index" alt=""/>
      <caption webpage="index" alt=""/>
      <caption webpage="index" alt=""/>
      <caption webpage="index" alt=""/>
    </file>
    <file name="pic_8.png" crc="4283764414" seo="true" ref="index">
      <caption webpage="index" alt=""/>
    </file>
    <file name="comment1.jpg" crc="4183118093" seo="true" ref="index">
      <caption webpage="index" alt=""/>
      <caption webpage="index" alt=""/>
      <caption webpage="index" alt=""/>
      <caption webpage="index" alt=""/>
    </file>
    <file name="comment2.jpg" crc="259142954" seo="true" ref="index">
      <caption webpage="index" alt=""/>
      <caption webpage="index" alt=""/>
      <caption webpage="index" alt=""/>
      <caption webpage="index" alt=""/>
    </file>
    <file name="comment3.jpg" crc="508934981" seo="true" ref="index">
      <caption webpage="index" alt=""/>
      <caption webpage="index" alt=""/>
      <caption webpage="index" alt=""/>
      <caption webpage="index" alt=""/>
    </file>
    <file name="comment4.jpg" crc="250598220" seo="true" ref="index">
      <caption webpage="index" alt=""/>
      <caption webpage="index" alt=""/>
      <caption webpage="index" alt=""/>
      <caption webpage="index" alt=""/>
      <caption webpage="index" alt=""/>
      <caption webpage="index" alt=""/>
      <caption webpage="index" alt=""/>
      <caption webpage="index" alt=""/>
    </file>
    <file name="comment5.jpg" crc="61804143" seo="true" ref="index">
      <caption webpage="index" alt=""/>
      <caption webpage="index" alt=""/>
      <caption webpage="index" alt=""/>
      <caption webpage="index" alt=""/>
    </file>
    <file name="comment6.jpg" crc="456922322" seo="true" ref="index">
      <caption webpage="index" alt=""/>
      <caption webpage="index" alt=""/>
      <caption webpage="index" alt=""/>
      <caption webpage="index" alt=""/>
    </file>
    <file name="comment7.jpg" crc="406056209" seo="true" ref="index">
      <caption webpage="index" alt=""/>
      <caption webpage="index" alt=""/>
      <caption webpage="index" alt=""/>
      <caption webpage="index" alt=""/>
    </file>
    <file name="comment8.jpg" crc="4121883932" seo="true" ref="index">
      <caption webpage="index" alt=""/>
      <caption webpage="index" alt=""/>
      <caption webpage="index" alt=""/>
      <caption webpage="index" alt=""/>
    </file>
    <file name="comment9.jpg" crc="267581222" seo="true" ref="index">
      <caption webpage="index" alt=""/>
      <caption webpage="index" alt=""/>
      <caption webpage="index" alt=""/>
      <caption webpage="index" alt=""/>
    </file>
    <file name="comment9_pic.jpg" crc="286517517" seo="true" ref="index">
      <caption webpage="index" alt=""/>
      <caption webpage="index" alt=""/>
      <caption webpage="index" alt=""/>
      <caption webpage="index" alt=""/>
    </file>
    <file name="comment10.jpg" crc="486970505" seo="true" ref="index">
      <caption webpage="index" alt=""/>
      <caption webpage="index" alt=""/>
      <caption webpage="index" alt=""/>
      <caption webpage="index" alt=""/>
    </file>
    <file name="pic_8763x254.png" crc="292071815" seo="true" ref="index">
      <caption webpage="index" alt=""/>
    </file>
    <file name="menu_2.jpg" crc="3897053795" ref="index">
      <caption webpage="index" alt=""/>
      <caption webpage="index" alt=""/>
    </file>
    <file name="pic_8478x159.png" crc="4163198260" seo="true" ref="index">
      <caption webpage="index" alt=""/>
    </file>
    <file name="pic4293x148.jpg" crc="3851768289" seo="true" ref="index">
      <caption webpage="index" alt=""/>
    </file>
    <file name="pic5280x186.jpg" crc="379451137" seo="true" ref="index">
      <caption webpage="index" alt=""/>
    </file>
    <file name="pic_8319x106.png" crc="313807599" seo="true" ref="index">
      <caption webpage="index" alt=""/>
    </file>
    <file name="blank.gif" crc="4208392903" ref="index"/>
  </folder>
  <file name="index.html" crc="3952231401" seo="true" mt="1495643424056" redirect="true"/>
</manifest>